Workbook

Sheet BirdPhotos
A1: Filename | B1: AuditedName | C1: Taxon Order | D1: English Name | E1: French Name | F1: Latin Name | G1: Order | H1: Family
A2: Acadian_Flycatcher_2313.jpg | B2: Acadian Flycatcher | C2: =VLOOKUP(B2,LifeList!$E$2:$J$2038,6) -> 16950 | D2: =VLOOKUP(B2,LifeList!$E$2:$G$2038,1) -> Acadian Flycatcher | E2: =VLOOKUP(B2,LifeList!$E$2:$G$2038,2) -> Moucherolle vert | F2: =VLOOKUP(B2,LifeList!$E$2:$G$2038,3) -> Empidonax virescens | G2: =VLOOKUP(B2,LifeList!$E$2:$I$2038,4) -> Passeriformes | H2: =VLOOKUP(B2,LifeList!$E$2:$I$2038,5) -> Tyrannidae (Tyrant Flycatchers)
A3: Acorn_woodpecker_2152.jpg | B3: Acorn Woodpecker | C3: =VLOOKUP(B3,LifeList!$E$2:$J$2038,6) -> 11146 | D3: =VLOOKUP(B3,LifeList!$E$2:$G$2038,1) -> Acorn Woodpecker | E3: =VLOOKUP(B3,LifeList!$E$2:$G$2038,2) -> Pic glandivore | F3: =VLOOKUP(B3,LifeList!$E$2:$G$2038,3) -> Melanerpes formicivorus | G3: =VLOOKUP(B3,LifeList!$E$2:$I$2038,4) -> Piciformes | H3: =VLOOKUP(B3,LifeList!$E$2:$I$2038,5) -> Picidae (Woodpeckers)
A4: Acorn_Woodpecker_2305.jpg | B4: Acorn Woodpecker | C4: =VLOOKUP(B4,LifeList!$E$2:$J$2038,6) -> 11146 | D4: =VLOOKUP(B4,LifeList!$E$2:$G$2038,1) -> Acorn Woodpecker | E4: =VLOOKUP(B4,LifeList!$E$2:$G$2038,2) -> Pic glandivore | F4: =VLOOKUP(B4,LifeList!$E$2:$G$2038,3) -> Melanerpes formicivorus | G4: =VLOOKUP(B4,LifeList!$E$2:$I$2038,4) -> Piciformes | H4: =VLOOKUP(B4,LifeList!$E$2:$I$2038,5) -> Picidae (Woodpeckers)
A5: Acorn_Woodpecker_5803.jpg | B5: Acorn Woodpecker | C5: =VLOOKUP(B5,LifeList!$E$2:$J$2038,6) -> 11146 | D5: =VLOOKUP(B5,LifeList!$E$2:$G$2038,1) -> Acorn Woodpecker | E5: =VLOOKUP(B5,LifeList!$E$2:$G$2038,2) -> Pic glandivore | F5: =VLOOKUP(B5,LifeList!$E$2:$G$2038,3) -> Melanerpes formicivorus | G5: =VLOOKUP(B5,LifeList!$E$2:$I$2038,4) -> Piciformes | H5: =VLOOKUP(B5,LifeList!$E$2:$I$2038,5) -> Picidae (Woodpeckers)
A6: African Cuckoo-Hawk-4865.jpg | B6: African Cuckoo-Hawk | C6: =VLOOKUP(B6,LifeList!$E$2:$J$2038,6) -> 7875 | D6: =VLOOKUP(B6,LifeList!$E$2:$G$2038,1) -> African Cuckoo-Hawk | E6: =VLOOKUP(B6,LifeList!$E$2:$G$2038,2) -> Baza coucou | F6: =VLOOKUP(B6,LifeList!$E$2:$G$2038,3) -> Aviceda cuculoides | G6: =VLOOKUP(B6,LifeList!$E$2:$I$2038,4) -> Accipitriformes | H6: =VLOOKUP(B6,LifeList!$E$2:$I$2038,5) -> Accipitridae (Hawks, Eagles, and Kites)
A7: African Hawk-Eagle-6342.jpg | B7: African Hawk-Eagle | C7: =VLOOKUP(B7,LifeList!$E$2:$J$2038,6) -> 8075 | D7: =VLOOKUP(B7,LifeList!$E$2:$G$2038,1) -> African Hawk-Eagle | E7: =VLOOKUP(B7,LifeList!$E$2:$G$2038,2) -> Aigle fascié | F7: =VLOOKUP(B7,LifeList!$E$2:$G$2038,3) -> Aquila spilogaster | G7: =VLOOKUP(B7,LifeList!$E$2:$I$2038,4) -> Accipitriformes | H7: =VLOOKUP(B7,LifeList!$E$2:$I$2038,5) -> Accipitridae (Hawks, Eagles, and Kites)
A8: African Jacana-3938.jpg | B8: African Jacana | C8: =VLOOKUP(B8,LifeList!$E$2:$J$2038,6) -> 6005 | D8: =VLOOKUP(B8,LifeList!$E$2:$G$2038,1) -> African Jacana | E8: =VLOOKUP(B8,LifeList!$E$2:$G$2038,2) -> Jacana à poitrine dorée | F8: =VLOOKUP(B8,LifeList!$E$2:$G$2038,3) -> Actophilornis africanus | G8: =VLOOKUP(B8,LifeList!$E$2:$I$2038,4) -> Charadriiformes | H8: =VLOOKUP(B8,LifeList!$E$2:$I$2038,5) -> Jacanidae (Jacanas)
A9: African Sacred Ibis-5733.jpg | B9: African Sacred Ibis | C9: =VLOOKUP(B9,LifeList!$E$2:$J$2038,6) -> 7491 | D9: =VLOOKUP(B9,LifeList!$E$2:$G$2038,1) -> African Sacred Ibis | E9: =VLOOKUP(B9,LifeList!$E$2:$G$2038,2) -> Ibis sacré | F9: =VLOOKUP(B9,LifeList!$E$2:$G$2038,3) -> Threskiornis aethiopicus | G9: =VLOOKUP(B9,LifeList!$E$2:$I$2038,4) -> Pelecaniformes | H9: =VLOOKUP(B9,LifeList!$E$2:$I$2038,5) -> Threskiornithidae (Ibises and Spoonbills)
A10: African Woolly-necked Stork-4142.jpg | B10: African Woolly-necked Stork | C10: =VLOOKUP(B10,LifeList!$E$2:$J$2038,6) -> 7285 | D10: =VLOOKUP(B10,LifeList!$E$2:$G$2038,1) -> African Woolly-necked Stork | E10: =VLOOKUP(B10,LifeList!$E$2:$G$2038,2) -> Cigogne à pattes noires | F10: =VLOOKUP(B10,LifeList!$E$2:$G$2038,3) -> Ciconia microscelis | G10: =VLOOKUP(B10,LifeList!$E$2:$I$2038,4) -> Ciconiiformes | H10: =VLOOKUP(B10,LifeList!$E$2:$I$2038,5) -> Ciconiidae (Storks)
A11: African_Black-headed_Oriole_3391.jpg | B11: African Black-headed Oriole | C11: =VLOOKUP(B11,LifeList!$E$2:$J$2038,6) -> 19676 | D11: =VLOOKUP(B11,LifeList!$E$2:$G$2038,1) -> African Black-headed Oriole | E11: =VLOOKUP(B11,LifeList!$E$2:$G$2038,2) -> Loriot masqué | F11: =VLOOKUP(B11,LifeList!$E$2:$G$2038,3) -> Oriolus larvatus | G11: =VLOOKUP(B11,LifeList!$E$2:$I$2038,4) -> Passeriformes | H11: =VLOOKUP(B11,LifeList!$E$2:$I$2038,5) -> Oriolidae (Old World Orioles)
A12: African_Darter_6406.jpg | B12: African Darter | C12: =VLOOKUP(B12,LifeList!$E$2:$J$2038,6) -> 7370 | D12: =VLOOKUP(B12,LifeList!$E$2:$G$2038,1) -> African Darter | E12: =VLOOKUP(B12,LifeList!$E$2:$G$2038,2) -> Anhinga d'Afrique | F12: =VLOOKUP(B12,LifeList!$E$2:$G$2038,3) -> Anhinga rufa | G12: =VLOOKUP(B12,LifeList!$E$2:$I$2038,4) -> Suliformes | H12: =VLOOKUP(B12,LifeList!$E$2:$I$2038,5) -> Anhingidae (Anhingas)
A13: African_Fish-Eagle_6468.jpg | B13: African Fish-Eagle | C13: =VLOOKUP(B13,LifeList!$E$2:$J$2038,6) -> 8374 | D13: =VLOOKUP(B13,LifeList!$E$2:$G$2038,1) -> African Fish-Eagle | E13: =VLOOKUP(B13,LifeList!$E$2:$G$2038,2) -> Pygargue vocifer | F13: =VLOOKUP(B13,LifeList!$E$2:$G$2038,3) -> Icthyophaga vocifer | G13: =VLOOKUP(B13,LifeList!$E$2:$I$2038,4) -> Accipitriformes | H13: =VLOOKUP(B13,LifeList!$E$2:$I$2038,5) -> Accipitridae (Hawks, Eagles, and Kites)
... A4329: Zeledons_Antbird_5912.jpg | B4329: Zeledon's Antbird | C4329: =VLOOKUP(B4329,LifeList!$E$2:$J$2038,6) -> 14055 | D4329: =VLOOKUP(B4329,LifeList!$E$2:$G$2038,1) -> Zeledon's Antbird | E4329: =VLOOKUP(B4329,LifeList!$E$2:$G$2038,2) -> Alapi de Zeledon | F4329: =VLOOKUP(B4329,LifeList!$E$2:$G$2038,3) -> Hafferia zeledoni | G4329: =VLOOKUP(B4329,LifeList!$E$2:$I$2038,4) -> Passeriformes | H4329: =VLOOKUP(B4329,LifeList!$E$2:$I$2038,5) -> Thamnophilidae (Typical Antbirds)

Sheet LifeList
A1: Old Order | B1: Current order | C1: Taxon Order | D1: Category | E1: English Name | F1: French Name | G1: Scientific Name | H1: Order | I1: Family | J1: Taxon | K1: Location | L1: S/P | M1: Date | N1: LocID | O1: SubID | P1: Exotic | Q1: Countable
A2: 1058 | B2: 1186 | C2: 16950 | D2: species | E2: Acadian Flycatcher | F2: Moucherolle vert | G2: Empidonax virescens | H2: Passeriformes | I2: Tyrannidae (Tyrant Flycatchers) | J2: 16950 | K2: 8.6042x-80.0880 - Nov 13, 2016, 7:51 AM | L2: PA-8 | M2: 42687 | N2: L5079093 | O2: S32519336 | Q2: 1
A3: 1828 | B3: 865 | C3: 11146 | D3: species | E3: Acorn Woodpecker | F3: Pic glandivore | G3: Melanerpes formicivorus | H3: Piciformes | I3: Picidae (Woodpeckers) | J3: 11146 | K3: Orange Walk | L3: BZ-OW | M3: 40873 | N3: L295270 | O3: S15368874 | Q3: 1
A4: 1457 | B4: 1348 | C4: 19676 | D4: species | E4: African Black-headed Oriole | F4: Loriot masqué | G4: Oriolus larvatus | H4: Passeriformes | I4: Oriolidae (Old World Orioles) | J4: 19676 | K4: Kruger NP--Letaba-Olifants Rd | L4: ZA-LP | M4: 41907 | N4: L2355950 | O4: S20317879 | Q4: 1
A5: 1356 | B5: 649 | C5: 7875 | D5: species | E5: African Cuckoo-Hawk | F5: Baza coucou | G5: Aviceda cuculoides | H5: Accipitriformes | I5: Accipitridae (Hawks, Eagles, and Kites) | J5: 7875 | K5: St Lucia--iMfolozi River mouth | L5: ZA-NL | M5: 41916 | N5: L4209873 | O5: S20614058 | Q5: 1
A6: 1416 | B6: 560 | C6: 7370 | D6: species | E6: African Darter | F6: Anhinga d'Afrique | G6: Anhinga rufa | H6: Suliformes | I6: Anhingidae (Anhingas) | J6: 7370 | K6: Kruger NP--southern section (please be more specific) | L6: ZA-MP | M6: 41910 | N6: L972510 | O6: S20390197 | Q6: 1
A7: 1405 | B7: 1697 | C7: 31416 | D7: species | E7: African Firefinch | F7: Amarante foncé | G7: Lagonosticta rubricata | H7: Passeriformes | I7: Estrildidae (Waxbills and Allies) | J7: 31416 | K7: Kruger NP--southern section (please be more specific) | L7: ZA-MP | M7: 41910 | N7: L972510 | O7: S20390197 | Q7: 1
A8: 1463 | B8: 692 | C8: 8374 | D8: species | E8: African Fish-Eagle | F8: Pygargue vocifer | G8: Icthyophaga vocifer | H8: Accipitriformes | I8: Accipitridae (Hawks, Eagles, and Kites) | J8: 8374 | K8: Kruger NP--Letaba-Olifants Rd | L8: ZA-LP | M8: 41907 | N8: L2355950 | O8: S20317879 | Q8: 1
A9: 1376 | B9: 1669 | C9: 30798 | D9: species | E9: African Golden-Weaver | F9: Tisserin jaune | G9: Ploceus subaureus | H9: Passeriformes | I9: Ploceidae (Weavers and Allies) | J9: 30798 | K9: St Lucia--iMfolozi River mouth | L9: ZA-NL | M9: 41914 | N9: L4209873 | O9: S20565478 | Q9: 1
A10: 1318 | B10: 675 | C10: 8118 | D10: species | E10: African Goshawk | F10: Autour tachiro | G10: Aerospiza tachiro | H10: Accipitriformes | I10: Accipitridae (Hawks, Eagles, and Kites) | J10: 8118 | K10: Moremi--Khwai River (north side) | L10: BW-NW | M10: 41925 | N10: L1220375 | O10: S20696955 | Q10: 1
A11: 1995 | B11: 1632 | C11: 28852 | D11: species | E11: African Gray Flycatcher | F11: Gobemouche à petit bec | G11: Bradornis microrhynchus | H11: Passeriformes | I11: Muscicapidae (Old World Flycatchers) | J11: 28852 | K11: Lake Manyara NP (Arusha) | L11: TZ-01 | M11: 38573 | N11: L1033409 | O11: S15379179 | Q11: 1
A12: 1908 | B12: 774 | C12: 9664 | D12: species | E12: African Gray Hornbill | F12: Calao à bec noir | G12: Lophoceros nasutus | H12: Bucerotiformes | I12: Bucerotidae (Hornbills) | J12: 9664 | K12: Erongo Lodge | L12: NA-ER | M12: 39245 | N12: L17656026 | O12: S102100868 | Q12: 1
A13: 1468 | B13: 161 | C13: 2548 | D13: species | E13: African Green-Pigeon | F13: Colombar à front nu | G13: Treron calvus | H13: Columbiformes | I13: Columbidae (Pigeons and Doves) | J13: 2548 | K13: Kruger NP--Letaba-Olifants Rd | L13: ZA-LP | M13: 41907 | N13: L2355950 | O13: S20317879 | Q13: 1
... A24: 2010 | B24: 582 | C24: 7491 | D24: species | E24: African Sacred Ibis | F24: Ibis sacré | G24: Threskiornis aethiopicus | H24: Pelecaniformes | I24: Threskiornithidae (Ibises and Spoonbills) | J24: 7491 | K24: Lake Manyara NP (Arusha) | L24: TZ-01 | M24: 38573 | N24: L1033409 | O24: S15379179 | Q24: 1
A25: 659 | B25: 1688 | C25: 31062 | D25: species | E25: African Silverbill | F25: Capucin bec-d'argent | G25: Euodice cantans | H25: Passeriformes | I25: Estrildidae (Waxbills and Allies) | J25: 31062 | K25: Francis H. I'i Brown North Course, Kamuela US-HI (19.9409,-155.8603) | L25: US-HI | M25: 43401 | N25: L8081156 | O25: S49516203 | P25: N | Q25: 1
A26: 1331 | B26: 501 | C26: 6620 | D26: species | E26: African Skimmer | F26: Bec-en-ciseaux d'Afrique | G26: Rynchops flavirostris | H26: Charadriiformes | I26: Laridae (Gulls, Terns, and Skimmers) | J26: 6620 | K26: Chobe River--west of Kasane | L26: BW-NW | M26: 41921 | N26: L2538778 | O26: S20699076 | Q26: 1
A27: 1466 | B27: 588 | C27: 7529 | D27: species | E27: African Spoonbill | F27: Spatule d'Afrique | G27: Platalea alba | H27: Pelecaniformes | I27: Threskiornithidae (Ibises and Spoonbills) | J27: 7529 | K27: Kruger NP--Letaba-Olifants Rd | L27: ZA-LP | M27: 41907 | N27: L2355950 | O27: S20317879 | Q27: 1
A28: 1390 | B28: 1644 | C28: 29690 | D28: species | E28: African Stonechat | F28: Monticole rocar | G28: Saxicola torquatus | H28: Passeriformes | I28: Muscicapidae (Old World Flycatchers) | J28: 29690 | K28: Ithala GR | L28: ZA-NL | M28: 41913 | N28: L3161131 | O28: S20535371 | Q28: 1
A29: 1347 | B29: 368 | C29: 5522 | D29: species | E29: African Swamphen | F29: Talève d'Afrique | G29: Porphyrio madagascariensis | H29: Gruiformes | I29: Rallidae (Rails, Gallinules, and Coots) | J29: 5522 | K29: Korsman Bird Sanctuary | L29: ZA-GT | M29: 41918 | N29: L1912725 | O29: S20305927 | Q29: 1
A30: 1429 | B30: 545 | C30: 7285 | D30: species | E30: African Woolly-necked Stork | F30: Cigogne à pattes noires | G30: Ciconia microscelis | H30: Ciconiiformes | I30: Ciconiidae (Storks) | J30: 7285 | K30: Kruger NP--Skukuza Camp (Camp only; please use more precise hotspots for drives) | L30: ZA-MP | M30: 41909 | N30: L951360 | O30: S20389946 | Q30: 1
A31: 354 | B31: 594 | C31: 7554 | D31: species | E31: Agami Heron | F31: Héron agami | G31: Agamia agami | H31: Pelecaniformes | I31: Ardeidae (Herons, Egrets, and Bitterns) | J31: 7554 | K31: Refugio mixto Caño Negro | L31: CR-A | M31: 44723 | N31: L691866 | O31: S112726151 | Q31: 1
A32: 638 | B32: 1733 | C32: 32129 | D32: species | E32: Akiapolaau | F32: Akiapolaau d'Hawaï | G32: Hemignathus wilsoni | H32: Passeriformes | I32: Fringillidae (Finches, Euphonias, and Allies) | J32: 32129 | K32: Pu'u O'o Trail, Kipuka Ainahou section (first 2 miles) | L32: US-HI | M32: 43405 | N32: L366605 | O32: S49612040 | Q32: 1
A33: 441 | B33: 1187 | C33: 16951 | D33: species | E33: Alder Flycatcher | F33: Moucherolle des aulnes | G33: Empidonax alnorum | H33: Passeriformes | I33: Tyrannidae (Tyrant Flycatchers) | J33: 16951 | K33: Osgoode, Ottawa CA-ON (45.2238,-75.6297) | L33: CA-ON | M33: 44049 | N33: L9160902 | O33: S72160828 | Q33: 1
A34: 626 | B34: 1700 | C34: 31480 | D34: species | E34: Alpine Accentor | F34: Accenteur alpin | G34: Prunella collaris | H34: Passeriformes | I34: Prunellidae (Accentors) | J34: 31480 | K34: Peisey-Nancroix (ville) | L34: FR-ARA | M34: 43492 | N34: L8433472 | O34: S52089497 | Q34: 1
C35: 4831 | D35: species | E35: Allen's Hummingbird | F35: Colibri d'Allen | G35: Selasphorus sasin | H35: Apodiformes | I35: Trochilidae (Hummingbirds) | J35: 4831 | K35: Mission Creek--SB Museum of Natural History | L35: US-CA | M35: 44117 | N35: L600095 | O35: S15451608
A36: 1780 | B36: 1832 | C36: 33755 | D36: species | E36: Altamira Oriole | F36: Oriole à gros bec | G36: Icterus gularis | H36: Passeriformes | I36: Icteridae (Troupials and Allies) | J36: 33755 | K36: Orange Walk | L36: BZ-OW | M36: 40873 | N36: L295270 | O36: S15368874 | Q36: 1
A37: 1830 | B37: 811 | C37: 10312 | D37: species | E37: Amazon Kingfisher | F37: Martin-pêcheur d'Amazonie | G37: Chloroceryle amazona | H37: Coraciiformes | I37: Alcedinidae (Kingfishers) | J37: 10312 | K37: Orange Walk | L37: BZ-OW | M37: 40873 | N37: L295270 | O37: S15368874 | Q37: 1
A38: 1143 | B38: 389 | C38: 5780 | D38: species | E38: American Avocet | F38: Avocette d'Amérique | G38: Recurvirostra americana | H38: Charadriiformes | I38: Recurvirostridae (Stilts and Avocets) | J38: 5780 | K38: Mersea Rd 2 west bridge | L38: CA-ON | M38: 42140 | N38: L3619669 | O38: S23478734 | Q38: 1
A39: 2027 | B39: 724 | C39: 8633 | D39: species | E39: American Barn Owl | F39: Effraie d'Amérique | G39: Tyto furcata | H39: Strigiformes | I39: Tytonidae (Barn-Owls) | J39: 8633 | K39: Santa Cruz--Área general (por favor usar un hotspot más específico) | L39: EC-W | M39: 38176 | N39: L471636 | O39: S15379722 | Q39: 1
A40: 1628 | B40: 595 | C40: 7560 | D40: species | E40: American Bittern | F40: Butor d'Amérique | G40: Botaurus lentiginosus | H40: Pelecaniformes | I40: Ardeidae (Herons, Egrets, and Bitterns) | J40: 7560 | K40: Marais 3 à 5 (Canards Illimités) | L40: CA-QC | M40: 41369 | N40: L1145146 | O40: S15364580 | Q40: 1
A41: 1585 | B41: 42 | C41: 571 | D41: species | E41: American Black Duck | F41: Canard noir | G41: Anas rubripes | H41: Anseriformes | I41: Anatidae (Ducks, Geese, and Waterfowl) | J41: 571 | K41: Britannia CA--Britannia Ridge | L41: CA-ON | M41: 41548 | N41: L1535778 | O41: S15359906 | Q41: 1
A42: 1852 | B42: 365 | C42: 5500 | D42: species | E42: American Coot | F42: Foulque d'Amérique | G42: Fulica americana | H42: Gruiformes | I42: Rallidae (Rails, Gallinules, and Coots) | J42: 5500 | K42: Orange Walk | L42: BZ-OW | M42: 40873 | N42: L295270 | O42: S15368874 | Q42: 1
A43: 1611 | B43: 1426 | C43: 21557 | D43: species | E43: American Crow | F43: Corneille d'Amérique | G43: Corvus brachyrhynchos | H43: Passeriformes | I43: Corvidae (Crows, Jays, and Magpies) | J43: 21557 | K43: Point Pelee NP* general (use more precise loc.) | L43: CA-ON | M43: 41396 | N43: L131153 | O43: S15364735 | Q43: 1
A44: 664 | B44: 1573 | C44: 27668 | D44: species | E44: American Dipper | F44: Cincle d'Amérique | G44: Cinclus mexicanus | H44: Passeriformes | I44: Cinclidae (Dippers) | J44: 27668 | K44: Burnaby Lake--Avalon entrance | L44: CA-BC | M44: 43393 | N44: L452571 | O44: S49326481 | Q44: 1
A45: 764 | B45: 516 | C45: 6807 | D45: species | E45: American Flamingo | F45: Flamant des Caraïbes | G45: Phoenicopterus ruber | H45: Phoenicopteriformes | I45: Phoenicopteridae (Flamingos) | J45: 6807 | K45: Playa Los Dos Compadres | L45: MX-ROO | M45: 43085 | N45: L3530195 | O45: S41139758 | Q45: 1
A46: 1111 | B46: 396 | C46: 5815 | D46: species | E46: American Golden-Plover | F46: Pluvier bronzé | G46: Pluvialis dominica | H46: Charadriiformes | I46: Charadriidae (Plovers and Lapwings) | J46: 5815 | K46: Hillman Marsh CA (general location) | L46: CA-ON | M46: 42498 | N46: L283720 | O46: S29500079 | Q46: 1
A47: 1658 | B47: 1748 | C47: 32617 | D47: species | E47: American Goldfinch | F47: Chardonneret jaune | G47: Spinus tristis | H47: Passeriformes | I47: Fringillidae (Finches, Euphonias, and Allies) | J47: 32617 | K47: Ottawa--MacDonald-Cartier International Airport (High Road) | L47: CA-ON | M47: 41079 | N47: L1217618 | O47: S15371413 | Q47: 1
... A159: 1253 | B159: 2002 | C159: 35281 | D159: species | E159: Black Flowerpiercer | F159: Percefleur noir | G159: Diglossa humeralis | H159: Passeriformes | I159: Thraupidae (Tanagers and Allies) | J159: 35281 | K159: PNN Los Nevados--Centro de Visitantes La Cueva | L159: CO-CAL | M159: 41990 | N159: L7895434 | O159: S20941471 | Q159: 1
A160: 645 | B160: 105 | C160: 1647 | D160: species | E160: Black Francolin | F160: Francolin noir | G160: Francolinus francolinus | H160: Galliformes | I160: Phasianidae (Pheasants, Grouse, and Allies) | J160: 1647 | K160: Road to Cement Plant Rd | L160: US-HI | M160: 43405 | N160: L1430537 | O160: S49602576 | P160: N | Q160: 1
A161: 1079 | B161: 79 | C161: 854 | D161: species | E161: Black Guan | F161: Pénélope unicolore | G161: Chamaepetes unicolor | H161: Galliformes | I161: Cracidae (Guans, Chachalacas, and Curassows) | J161: 854 | K161: Canopy Lodge | L161: PA-2 | M161: 42686 | N161: L604642 | O161: S32519275 | Q161: 1
A162: 1105 | B162: 475 | C162: 6396 | D162: species | E162: Black Guillemot | F162: Guillemot à miroir | G162: Cepphus grylle | H162: Charadriiformes | I162: Alcidae (Auks, Murres, and Puffins) | J162: 6396 | K162: PN Archipel-de-Mingan--Île aux Perroquets | L162: CA-QC | M162: 42610 | N162: L2995251 | O162: S31316311 | Q162: 1
A163: 938 | B163: 662 | C163: 8021 | D163: species | E163: Black Hawk-Eagle | F163: Aigle tyran | G163: Spizaetus tyrannus | H163: Accipitriformes | I163: Accipitridae (Hawks, Eagles, and Kites) | J163: 8021 | K163: Lajas Blancas | L163: PA-EM | M163: 42828 | N163: L5683119 | O163: S35694556 | Q163: 1
A164: 204 | B164: 606 | C164: 7639 | D164: species | E164: Black Heron | F164: Aigrette ardoisée | G164: Egretta ardesiaca | H164: Pelecaniformes | I164: Ardeidae (Herons, Egrets, and Bitterns) | J164: 7639 | K164: Parc de Tsarasaotra (Lac Alarobia) | L164: MG-T | M164: 45613 | N164: L8083407 | O164: S202747664 | Q164: 1
A165: 467 | B165: 273 | C165: 4622 | D165: species | E165: Black Inca | F165: Inca noir | G165: Coeligena prunellei | H165: Apodiformes | I165: Trochilidae (Hummingbirds) | J165: 4622 | K165: RNSC Rogitama Biodiversidad (Acceso Restringido) | L165: CO-BOY | M165: 43788 | N165: L23874322 | O165: S61592522 | Q165: 1
A166: 1464 | B166: 689 | C166: 8345 | D166: species | E166: Black Kite | F166: Milan noir | G166: Milvus migrans | H166: Accipitriformes | I166: Accipitridae (Hawks, Eagles, and Kites) | J166: 8345 | K166: Kruger NP--Letaba-Olifants Rd | L166: ZA-LP | M166: 41907 | N166: L2355950 | O166: S20317879 | Q166: 1
A167: 919 | B167: 1819 | C167: 33633 | D167: species | E167: Black Oropendola | F167: Cassique noir | G167: Psarocolius guatimozinus | H167: Passeriformes | I167: Icteridae (Troupials and Allies) | J167: 33633 | K167: Yaviza wetlands | L167: PA-5 | M167: 42829 | N167: L1345923 | O167: S35705073 | Q167: 1
A168: 668 | B168: 394 | C168: 5806 | D168: species | E168: Black Oystercatcher | F168: Huîtrier de Bachman | G168: Haematopus bachmani | H168: Charadriiformes | I168: Haematopodidae (Oystercatchers) | J168: 5806 | K168: Lighthouse Marine Park, Point Roberts | L168: US-WA | M168: 43392 | N168: L336663 | O168: S49294349 | Q168: 1
A169: 1571 | B169: 1192 | C169: 16998 | D169: species | E169: Black Phoebe | F169: Moucherolle noir | G169: Sayornis nigricans | H169: Passeriformes | I169: Tyrannidae (Tyrant Flycatchers) | J169: 16998 | K169: Sunset Cliffs--pullouts | L169: US-CA | M169: 41560 | N169: L386081 | O169: S15396965 | Q169: 1
A170: 1119 | B170: 65 | C170: 737 | D170: species | E170: Black Scoter | F170: Macreuse à bec jaune | G170: Melanitta americana | H170: Anseriformes | I170: Anatidae (Ducks, Geese, and Waterfowl) | J170: 737 | K170: Fort Clinch SP | L170: US-FL | M170: 42334 | N170: L127287 | O170: S26006356 | Q170: 1
A171: 1542 | B171: 502 | C171: 6622 | D171: species | E171: Black Skimmer | F171: Bec-en-ciseaux noir | G171: Rynchops niger | H171: Charadriiformes | I171: Laridae (Gulls, Terns, and Skimmers) | J171: 6622 | K171: Santa Barbara Harbor--Stearns Wharf | L171: US-CA | M171: 41566 | N171: L374051 | O171: S15442696 | Q171: 1
A172: 827 | B172: 19 | C172: 379 | D172: species | E172: Black Swan | F172: Cygne noir | G172: Cygnus atratus | H172: Anseriformes | I172: Anatidae (Ducks, Geese, and Waterfowl) | J172: 379 | K172: Sanctuary Point (Saint Georges Basin) | L172: AU-NSW | M172: 43023 | N172: L2541460 | O172: S39923983 | Q172: 1
... A283: 1258 | B283: 1496 | C283: 24128 | D283: species | E283: Blue-and-white Swallow | F283: Hirondelle bleu et blanc | G283: Pygochelidon cyanoleuca | H283: Passeriformes | I283: Hirundinidae (Swallows) | J283: 24128 | K283: PNN Los Nevados--Centro de Visitantes La Cueva | L283: CO-CAL | M283: 41990 | N283: L7895434 | O283: S20941471 | Q283: 1
A284: 726 | B284: 973 | C284: 13140 | D284: species | E284: Blue-and-yellow Macaw | F284: Ara bleu | G284: Ara ararauna | H284: Psittaciformes | I284: Psittacidae (New World and African Parrots) | J284: 13140 | K284: Nariva Swamp | L284: TT-RCM | M284: 43199 | N284: L471384 | O284: S44410326 | P284: N | Q284: 1
A285: 614 | B285: 1961 | C285: 34920 | D285: species | E285: Blue-and-yellow Tanager | F285: Tangara fourchu | G285: Rauenia bonariensis | H285: Passeriformes | I285: Thraupidae (Tanagers and Allies) | J285: 34920 | K285: San Jorge Ecolodge (Quito) | L285: EC-P | M285: 43558 | N285: L895012 | O285: S54511182 | Q285: 1
A286: 695 | B286: 1090 | C286: 15701 | D286: species | E286: Blue-backed Manakin | F286: Manakin tijé | G286: Chiroxiphia pareola | H286: Passeriformes | I286: Pipridae (Manakins) | J286: 15701 | K286: Main Ridge Forest Reserve | L286: TT-TOB | M286: 43204 | N286: L623631 | O286: S44561237 | Q286: 1
A287: 796 | B287: 75 | C287: 788 | D287: species | E287: Blue-billed Duck | F287: Érismature australe | G287: Oxyura australis | H287: Anseriformes | I287: Anatidae (Ducks, Geese, and Waterfowl) | J287: 788 | K287: Tower Hill Wildlife Reserve | L287: AU-VIC | M287: 43031 | N287: L1557351 | O287: S40079154 | Q287: 1
A288: 1970 | B288: 31 | C288: 480 | D288: species | E288: Blue-billed Teal | F288: Sarcelle à bec bleu | G288: Spatula hottentota | H288: Anseriformes | I288: Anatidae (Ducks, Geese, and Waterfowl) | J288: 480 | K288: Ngorongoro Conservation Area--Ngorongoro Crater | L288: TZ-01 | M288: 38579 | N288: L951508 | O288: S15379258 | Q288: 1
A289: 1712 | B289: 2012 | C289: 35510 | D289: species | E289: Blue-black Grassquit | F289: Jacarini noir | G289: Volatinia jacarina | H289: Passeriformes | I289: Thraupidae (Tanagers and Allies) | J289: 35510 | K289: Mountain Pine Ridge--Big Rock Falls | L289: BZ-CY | M289: 40877 | N289: L1087359 | O289: S15367631 | Q289: 1
A290: 1757 | B290: 1926 | C290: 34580 | D290: species | E290: Blue-black Grosbeak | F290: Évêque bleu-noir | G290: Cyanoloxia cyanoides | H290: Passeriformes | I290: Cardinalidae (Cardinals and Allies) | J290: 34580 | K290: Orange Walk | L290: BZ-OW | M290: 40873 | N290: L295270 | O290: S15368874 | Q290: 1
A291: 1175 | B291: 1951 | C291: 34845 | D291: species | E291: Blue-capped Tanager | F291: Tangara à tête bleue | G291: Sporathraupis cyanocephala | H291: Passeriformes | I291: Thraupidae (Tanagers and Allies) | J291: 34845 | K291: Reserva Ecológica Río Blanco--Lodge | L291: CO-CAL | M291: 41992 | N291: L1252500 | O291: S20957406 | Q291: 1
A292: 1013 | B292: 340 | C292: 5190 | D292: species | E292: Blue-chested Hummingbird | F292: Ariane aimable | G292: Polyerata amabilis | H292: Apodiformes | I292: Trochilidae (Hummingbirds) | J292: 5190 | K292: Canopy Tower | L292: PA-8 | M292: 42692 | N292: L454638 | O292: S32602853 | Q292: 1
A293: 744 | B293: 344 | C293: 5209 | D293: species | E293: Blue-chinned Sapphire | F293: Colibri à menton bleu | G293: Chlorestes notata | H293: Apodiformes | I293: Trochilidae (Hummingbirds) | J293: 5209 | K293: Asa Wright Nature Center | L293: TT-TUP | M293: 43196 | N293: L40158136 | O293: S44312870 | Q293: 1
A294: 437 | B294: 978 | C294: 13164 | D294: species | E294: Blue-crowned Parakeet | F294: Conure à tête bleue | G294: Thectocercus acuticaudatus | H294: Psittaciformes | I294: Psittacidae (New World and African Parrots) | J294: 13164 | K294: Topeekeegee Yugnee Park | L294: US-FL | M294: 44638 | N294: L578423 | O294: S105090547 | P294: P | Q294: 1
A295: 65 | B295: 1275 | C295: 18120 | D295: species | E295: Blue-faced Honeyeater | F295: Méliphage à oreillons bleus | G295: Entomyzon cyanotis | H295: Passeriformes | I295: Meliphagidae (Honeyeaters) | J295: 18120 | K295: Wanganella | L295: AU-NSW | M295: 45971 | N295: L7738464 | O295: S283856056 | Q295: 1
A296: 2033 | B296: 558 | C296: 7358 | D296: species | E296: Blue-footed Booby | F296: Fou à pieds bleus | G296: Sula nebouxii | H296: Suliformes | I296: Sulidae (Boobies and Gannets) | J296: 7358 | K296: Española--Bahía Gardner | L296: EC-W | M296: 38174 | N296: L471682 | O296: S102080263 | Q296: 1
A297: 526 | B297: 946 | C297: 12797 | D297: species | E297: Blue-fronted Parrotlet | F297: Toui à front bleu | G297: Touit dilectissimus | H297: Psittaciformes | I297: Psittacidae (New World and African Parrots) | J297: 12797 | K297: San Jorge de Milpe | L297: EC-P | M297: 43565 | N297: L1960641 | O297: S54821403 | Q297: 1
A298: 1796 | B298: 1531 | C298: 27123 | D298: species | E298: Blue-gray Gnatcatcher | F298: Gobemoucheron gris-bleu | G298: Polioptila caerulea | H298: Passeriformes | I298: Polioptilidae (Gnatcatchers) | J298: 27123 | K298: Orange Walk | L298: BZ-OW | M298: 40873 | N298: L295270 | O298: S15368874 | Q298: 1
A299: 1756 | B299: 1963 | C299: 34933 | D299: species | E299: Blue-gray Tanager | F299: Tangara évêque | G299: Thraupis episcopus | H299: Passeriformes | I299: Thraupidae (Tanagers and Allies) | J299: 34933 | K299: Orange Walk | L299: BZ-OW | M299: 40873 | N299: L295270 | O299: S15368874 | Q299: 1
A300: 1293 | B300: 951 | C300: 12889 | D300: species | E300: Blue-headed Parrot | F300: Pione à tête bleue | G300: Pionus menstruus | H300: Psittaciformes | I300: Psittacidae (New World and African Parrots) | J300: 12889 | K300: Represa Cameguadua | L300: CO-CAL | M300: 41989 | N300: L3786045 | O300: S20932040 | Q300: 1
A301: 1613 | B301: 1336 | C301: 19226 | D301: species | E301: Blue-headed Vireo | F301: Viréo à tête bleue | G301: Vireo solitarius | H301: Passeriformes | I301: Vireonidae (Vireos, Shrike-Babblers, and Erpornis) | J301: 19226 | K301: Point Pelee NP* general (use more precise loc.) | L301: CA-ON | M301: 41396 | N301: L131153 | O301: S15364735 | Q301: 1
A302: 156 | B302: 1717 | C302: 31988 | D302: species | E302: Blue-naped Chlorophonia | F302: Organiste à nuque bleue | G302: Chlorophonia cyanea | H302: Passeriformes | I302: Fringillidae (Finches, Euphonias, and Allies) | J302: 31988 | K302: Bellavista--Vereda | L302: CO-MAG | M302: 45755 | N302: L2146838 | O302: S223933895 | Q302: 1
A303: 542 | B303: 1974 | C303: 35027 | D303: species | E303: Blue-necked Tanager | F303: Calliste à cou bleu | G303: Stilpnia cyanicollis | H303: Passeriformes | I303: Thraupidae (Tanagers and Allies) | J303: 35027 | K303: San Jorge de Milpe | L303: EC-P | M303: 43563 | N303: L1960641 | O303: S54727042 | Q303: 1
A304: 527 | B304: 758 | C304: 9527 | D304: species | E304: Blue-tailed Trogon | F304: Trogon aux yeux blancs | G304: Trogon comptus | H304: Trogoniformes | I304: Trogonidae (Trogons) | J304: 9527 | K304: San Jorge de Milpe | L304: EC-P | M304: 43565 | N304: L1960641 | O304: S54821403 | Q304: 1
A305: 926 | B305: 342 | C305: 5196 | D305: species | E305: Blue-throated Goldentail | F305: Colibri d'Élicia | G305: Chlorestes eliciae | H305: Apodiformes | I305: Trochilidae (Hummingbirds) | J305: 5196 | K305: Quebrada Félix | L305: PA-5 | M305: 42829 | N305: L3384849 | O305: S35694159 | Q305: 1
A306: 479 | B306: 278 | C306: 4654 | D306: species | E306: Blue-throated Starfrontlet | F306: Inca porphyre | G306: Coeligena helianthea | H306: Apodiformes | I306: Trochilidae (Hummingbirds) | J306: 4654 | K306: Observatorio de Colibries | L306: CO-CUN | M306: 43785 | N306: L3892139 | O306: S61503001 | Q306: 1
... A443: 87 | B443: 1312 | C443: 18515 | D443: species | E443: Chestnut-crowned Babbler | F443: Pomatostome à calotte marron | G443: Pomatostomus ruficeps | H443: Passeriformes | I443: Pomatostomidae (Pseudo-Babblers) | J443: 18515 | K443: Yarrara Flora and Fauna Reserve | L443: AU-VIC | M443: 45969 | N443: L937591 | O443: S283358920 | Q443: 1
A444: 431 | B444: 974 | C444: 13142 | D444: species | E444: Chestnut-fronted Macaw | F444: Ara vert | G444: Ara severus | H444: Psittaciformes | I444: Psittacidae (New World and African Parrots) | J444: 13142 | K444: Miller Drive Roost (Brewer Park) | L444: US-FL | M444: 44661 | N444: L578426 | O444: S106727010 | P444: P | Q444: 1
A445: 1080 | B445: 1817 | C445: 33629 | D445: species | E445: Chestnut-headed Oropendola | F445: Cassique à tête brune | G445: Psarocolius wagleri | H445: Passeriformes | I445: Icteridae (Troupials and Allies) | J445: 33629 | K445: Canopy Lodge | L445: PA-2 | M445: 42685 | N445: L604642 | O445: S32494590 | Q445: 1
A446: 1232 | B446: 1018 | C446: 14252 | D446: species | E446: Chestnut-naped Antpitta | F446: Grallaire à nuque rousse | G446: Grallaria nuchalis | H446: Passeriformes | I446: Grallariidae (Antpittas) | J446: 14252 | K446: Reserva Ecológica Río Blanco--Lodge | L446: CO-CAL | M446: 41991 | N446: L1252500 | O446: S20954319 | Q446: 1
A447: 111 | B447: 1306 | C447: 18415 | D447: species | E447: Chestnut-rumped Thornbill | F447: Acanthize à croupion roux | G447: Acanthiza uropygialis | H447: Passeriformes | I447: Acanthizidae (Thornbills and Allies) | J447: 18415 | K447: Ikara-Flinders Ranges National Park--Brachina Gorge Lookout | L447: AU-SA | M447: 45966 | N447: L4913364 | O447: S282936967 | Q447: 1
A448: 1867 | B448: 1880 | C448: 34133 | D448: species | E448: Chestnut-sided Warbler | F448: Paruline à flancs marron | G448: Setophaga pensylvanica | H448: Passeriformes | I448: Parulidae (New World Warblers) | J448: 34133 | K448: Ottawa--Rideau Forest | L448: CA-ON | M448: 40773 | N448: L2381380 | O448: S15665385 | Q448: 1
A449: 195 | B449: 88 | C449: 970 | D449: species | E449: Chestnut-winged Chachalaca | F449: Ortalide babillarde | G449: Ortalis garrula | H449: Galliformes | I449: Cracidae (Guans, Chachalacas, and Curassows) | J449: 970 | K449: Agrícola Camelias | L449: CO-BOL | M449: 45749 | N449: L15083845 | O449: S222468822 | Q449: 1
A450: 508 | B450: 1058 | C450: 15092 | D450: species | E450: Chestnut-winged Cinclodes | F450: Cinclode à miroir marron | G450: Cinclodes albidiventris | H450: Passeriformes | I450: Furnariidae (Ovenbirds and Woodcreepers) | J450: 15092 | K450: PN Antisana--pradera de los ibis y alrededores | L450: EC-N | M450: 43567 | N450: L2761741 | O450: S54867630 | Q450: 1
A451: 1144 | B451: 221 | C451: 3896 | D451: species | E451: Chimney Swift | F451: Martinet ramoneur | G451: Chaetura pelagica | H451: Apodiformes | I451: Apodidae (Swifts) | J451: 3896 | K451: Magee Marsh (Lucas Co.) | L451: US-OH | M451: 42138 | N451: L317582 | O451: S23442730 | Q451: 1
A452: 1456 | B452: 1362 | C452: 19875 | D452: species | E452: Chinspot Batis | F452: Pririt molitor | G452: Batis molitor | H452: Passeriformes | I452: Platysteiridae (Wattle-eyes and Batises) | J452: 19875 | K452: Kruger NP--Letaba-Olifants Rd | L452: ZA-LP | M452: 41907 | N452: L2355950 | O452: S20317879 | Q452: 1
A453: 1864 | B453: 1768 | C453: 32990 | D453: species | E453: Chipping Sparrow | F453: Bruant familier | G453: Spizella passerina | H453: Passeriformes | I453: Passerellidae (New World Sparrows) | J453: 32990 | K453: Ottawa--Rideau Forest | L453: CA-ON | M453: 40774 | N453: L2381380 | O453: S15665404 | Q453: 1
A454: 133 | B454: 1319 | C454: 18983 | D454: species | E454: Chirruping Wedgebill | F454: Psophode babillard | G454: Psophodes cristatus | H454: Passeriformes | I454: Psophodidae (Whipbirds and Wedgebills) | J454: 18983 | K454: Farina | L454: AU-SA | M454: 45965 | N454: L2554790 | O454: S282786422 | Q454: 1
A455: 698 | B455: 1341 | C455: 19273 | D455: species | E455: Chivi Vireo | F455: Viréo chivi | G455: Vireo chivi | H455: Passeriformes | I455: Vireonidae (Vireos, Shrike-Babblers, and Erpornis) | J455: 19273 | K455: Cuffie River Nature Retreat | L455: TT-TOB | M455: 43203 | N455: L470121 | O455: S44526821 | Q455: 1
A456: 582 | B456: 1803 | C456: 33472 | D456: species | E456: Choco Brushfinch | F456: Tohi à bec fort | G456: Atlapetes crassus | H456: Passeriformes | I456: Passerellidae (New World Sparrows) | J456: 33472 | K456: Tandayapa--San Jorge Tandayapa | L456: EC-P | M456: 43560 | N456: L1907810 | O456: S54603202 | Q456: 1
... A461: 436 | B461: 210 | C461: 3594 | D461: species | E461: Chuck-will's-widow | F461: Engoulevent de Caroline | G461: Antrostomus carolinensis | H461: Caprimulgiformes | I461: Caprimulgidae (Nightjars and Allies) | J461: 3594 | K461: Green Cay Wetlands & Nature Center | L461: US-FL | M461: 44642 | N461: L246929 | O461: S105358092 | Q461: 1
A462: 634 | B462: 108 | C462: 1765 | D462: species | E462: Chukar | F462: Perdrix choukar | G462: Alectoris chukar | H462: Galliformes | I462: Phasianidae (Pheasants, Grouse, and Allies) | J462: 1765 | K462: HI: Haleakala NP - Visitors' Center (lower) | L462: US-HI | M462: 43413 | N462: L1614549 | O462: S49813922 | P462: N | Q462: 1
A463: 452 | B463: 1114 | C463: 16034 | D463: species | E463: Cinereous Becard | F463: Bécarde cendrée | G463: Pachyramphus rufus | H463: Passeriformes | I463: Tityridae (Tityras and Allies) | J463: 16034 | K463: Laguna El Tabacal | L463: CO-CUN | M463: 43793 | N463: L1252637 | O463: S61700588 | Q463: 1
A464: 613 | B464: 2001 | C464: 35265 | D464: species | E464: Cinereous Conebill | F464: Conirostre cendré | G464: Conirostrum cinereum | H464: Passeriformes | I464: Thraupidae (Tanagers and Allies) | J464: 35265 | K464: San Jorge Ecolodge (Quito) | L464: EC-P | M464: 43558 | N464: L895012 | O464: S54511182 | Q464: 1
A465: 966 | B465: 1115 | C465: 16037 | D465: species | E465: Cinnamon Becard | F465: Bécarde cannelle | G465: Pachyramphus cinnamomeus | H465: Passeriformes | I465: Tityridae (Tityras and Allies) | J465: 16037 | K465: Gamboa Rainforest Reserve | L465: PA-3 | M465: 42825 | N465: L454674 | O465: S35593822 | Q465: 1
A466: 1218 | B466: 1150 | C466: 16519 | D466: species | E466: Cinnamon Flycatcher | F466: Moucherolle cannelle | G466: Pyrrhomyias cinnamomeus | H466: Passeriformes | I466: Tyrannidae (Tyrant Flycatchers) | J466: 16519 | K466: Reserva Ecológica Río Blanco--Lodge | L466: CO-CAL | M466: 41991 | N466: L1252500 | O466: S20954319 | Q466: 1
A467: 1854 | B467: 333 | C467: 5100 | D467: species | E467: Cinnamon Hummingbird | F467: Ariane cannelle | G467: Amazilia rutila | H467: Apodiformes | I467: Trochilidae (Hummingbirds) | J467: 5100 | K467: Orange Walk | L467: BZ-OW | M467: 40873 | N467: L295270 | O467: S15368874 | Q467: 1
A468: 130 | B468: 1314 | C468: 18539 | D468: species | E468: Cinnamon Quail-thrush | F468: Cinclosome cannelle | G468: Cinclosoma cinnamomeum | H468: Passeriformes | I468: Cinclosomatidae (Quail-thrushes and Jewel-babblers) | J468: 18539 | K468: 17–29 Mulgaria Rd, Witchelina AU-SA -30.06746, 138.13051 | L468: AU-SA | M468: 45965 | N468: L54773533 | O468: S282786364 | Q468: 1
A469: 1010 | B469: 888 | C469: 11788 | D469: species | E469: Cinnamon Woodpecker | F469: Pic cannelle | G469: Celeus loricatus | H469: Piciformes | I469: Picidae (Woodpeckers) | J469: 11788 | K469: Plantation Road--Parque Nacional Soberanía | L469: PA-8 | M469: 42692 | N469: L454712 | O469: S32606575 | Q469: 1
A470: 1751 | B470: 2033 | C470: 35806 | D470: species | E470: Cinnamon-bellied Saltator | F470: Saltator du Mexique | G470: Saltator grandis | H470: Passeriformes | I470: Thraupidae (Tanagers and Allies) | J470: 35806 | K470: Orange Walk | L470: BZ-OW | M470: 40873 | N470: L295270 | O470: S15368874 | Q470: 1
A471: 2001 | B471: 782 | C471: 9794 | D471: species | E471: Cinnamon-chested Bee-eater | F471: Guêpier montagnard | G471: Merops oreobates | H471: Coraciiformes | I471: Meropidae (Bee-eaters) | J471: 9794 | K471: Lake Manyara NP (Arusha) | L471: TZ-01 | M471: 38573 | N471: L1033409 | O471: S15379179 | Q471: 1
...
